hs6,name
10121,Product 10121
10129,Product 10129
10130,Product 10130
10190,Product 10190
10221,Product 10221
10229,Product 10229
10290,Product 10290
10310,Product 10310
10391,Product 10391
10392,Product 10392
10410,Product 10410
10420,Product 10420
10511,Product 10511
10512,Product 10512
10513,Product 10513
10514,Product 10514
10515,Product 10515
10594,Product 10594
10599,Product 10599
10611,Product 10611
10613,Product 10613
10614,Product 10614
10619,Product 10619
10620,Product 10620
10631,Product 10631
10632,Product 10632
10633,Product 10633
10639,Product 10639
10641,Product 10641
10649,Product 10649
10690,Product 10690
20110,Product 20110
20120,Product 20120
20130,Product 20130
20210,Product 20210
20220,Product 20220
20230,Product 20230
20311,Product 20311
20312,Product 20312
20319,Product 20319
20321,Product 20321
20322,Product 20322
20329,Product 20329
20410,Product 20410
20421,Product 20421
20422,Product 20422
20423,Product 20423
20430,Product 20430
20441,Product 20441
20442,Product 20442
20443,Product 20443
20450,Product 20450
20500,Product 20500
20610,Product 20610
20621,Product 20621
20622,Product 20622
20629,Product 20629
20630,Product 20630
20641,Product 20641
20649,Product 20649
20680,Product 20680
20690,Product 20690
20711,Product 20711
20712,Product 20712
20713,Product 20713
20714,Product 20714
20724,Product 20724
20725,Product 20725
20726,Product 20726
20727,Product 20727
20741,Product 20741
20742,Product 20742
20743,Product 20743
20744,Product 20744
20745,Product 20745
20751,Product 20751
20752,Product 20752
20754,Product 20754
20755,Product 20755
20760,Product 20760
20810,Product 20810
20830,Product 20830
20840,Product 20840
20890,Product 20890
20910,Product 20910
20990,Product 20990
21011,Product 21011
21012,Product 21012
21019,Product 21019
21020,Product 21020
21092,Product 21092
21093,Product 21093
21099,Product 21099
30111,Product 30111
30119,Product 30119
30191,Product 30191
30192,Product 30192
30193,Product 30193
30194,Product 30194
30195,Product 30195
